﻿{"domains":[{"Properties":{"highvalue":true,"name":"DC.LOCAL","domain":"DC.LOCAL","objectid":"S-1-5-21-2150156250-123474374-2579897581","distinguishedname":"DC=DC,DC=local","description":null,"functionallevel":"2016"},"Users":["S-1-5-21-2150156250-123474374-2579897581-502","S-1-5-21-2150156250-123474374-2579897581-1103","S-1-5-21-2150156250-123474374-2579897581-1108","S-1-5-21-2150156250-123474374-2579897581-1110","S-1-5-21-2150156250-123474374-2579897581-1111","S-1-5-21-2150156250-123474374-2579897581-500","S-1-5-21-2150156250-123474374-2579897581-501"],"Computers":["S-1-5-21-2150156250-123474374-2579897581-1109","S-1-5-21-2150156250-123474374-2579897581-1112"],"ChildOus":["A02D9930-9F63-42BB-9744-627D43B3197C","A11B3EE0-8C32-42F5-88F7-A2BAE02E18E4"],"Trusts":[],"Links":[{"IsEnforced":false,"Guid":"761B4F5A-83D0-4B18-8CD5-58B135728183"},{"IsEnforced":false,"Guid":"ED3246E7-4AA5-4C4F-B107-8F42F98D85A5"}],"RemoteDesktopUsers":[],"LocalAdmins":[],"DcomUsers":[],"PSRemoteUsers":[],"ObjectIdentifier":"S-1-5-21-2150156250-123474374-2579897581","Aces":[{"PrincipalSID":"DC.LOCAL-S-1-5-32-544","PrincipalType":"Group","RightName":"Owner","AceType":"","IsInherited":false},{"PrincipalSID":"DC.LOCAL-S-1-5-32-544","PrincipalType":"Group","RightName":"WriteDacl","AceType":"","IsInherited":false},{"PrincipalSID":"DC.LOCAL-S-1-5-32-544","PrincipalType":"Group","RightName":"WriteOwner","AceType":"","IsInherited":false},{"PrincipalSID":"DC.LOCAL-S-1-5-32-544","PrincipalType":"Group","RightName":"ExtendedRight","AceType":"All","IsInherited":false},{"PrincipalSID":"S-1-5-21-2150156250-123474374-2579897581-512","PrincipalType":"Group","RightName":"WriteDacl","AceType":"","IsInherited":false},{"PrincipalSID":"S-1-5-21-2150156250-123474374-2579897581-512","PrincipalType":"Group","RightName":"WriteOwner","AceType":"","IsInherited":false},{"PrincipalSID":"S-1-5-21-2150156250-123474374-2579897581-512","PrincipalType":"Group","RightName":"ExtendedRight","AceType":"All","IsInherited":false},{"PrincipalSID":"S-1-5-21-2150156250-123474374-2579897581-519","PrincipalType":"Group","RightName":"GenericAll","AceType":"","IsInherited":false},{"PrincipalSID":"DC.LOCAL-S-1-5-9","PrincipalType":"Group","RightName":"ExtendedRight","AceType":"GetChanges","IsInherited":false},{"PrincipalSID":"DC.LOCAL-S-1-5-32-544","PrincipalType":"Group","RightName":"ExtendedRight","AceType":"GetChangesAll","IsInherited":false},{"PrincipalSID":"DC.LOCAL-S-1-5-32-544","PrincipalType":"Group","RightName":"ExtendedRight","AceType":"GetChanges","IsInherited":false},{"PrincipalSID":"S-1-5-21-2150156250-123474374-2579897581-498","PrincipalType":"Group","RightName":"ExtendedRight","AceType":"GetChanges","IsInherited":false},{"PrincipalSID":"S-1-5-21-2150156250-123474374-2579897581-516","PrincipalType":"Group","RightName":"ExtendedRight","AceType":"GetChangesAll","IsInherited":false}]}],"meta":{"count":1,"type":"domains","version":3}}