﻿{"ous":[{"Properties":{"highvalue":false,"name":"DOMAIN CONTROLLERS@DC.LOCAL","domain":"DC.LOCAL","objectid":"A02D9930-9F63-42BB-9744-627D43B3197C","distinguishedname":"OU=Domain Controllers,DC=DC,DC=local","description":"Default container for domain controllers","blocksinheritance":false},"Links":[{"IsEnforced":false,"Guid":"B473AE11-C52D-473B-B4CF-99EB86DF3731"}],"ACLProtected":false,"Users":[],"Computers":["S-1-5-21-2150156250-123474374-2579897581-1000"],"ChildOus":[],"RemoteDesktopUsers":[],"LocalAdmins":[],"DcomUsers":[],"PSRemoteUsers":[],"ObjectIdentifier":"A02D9930-9F63-42BB-9744-627D43B3197C","Aces":[{"PrincipalSID":"S-1-5-21-2150156250-123474374-2579897581-512","PrincipalType":"Group","RightName":"Owner","AceType":"","IsInherited":false},{"PrincipalSID":"S-1-5-21-2150156250-123474374-2579897581-512","PrincipalType":"Group","RightName":"WriteDacl","AceType":"","IsInherited":false},{"PrincipalSID":"S-1-5-21-2150156250-123474374-2579897581-512","PrincipalType":"Group","RightName":"WriteOwner","AceType":"","IsInherited":false},{"PrincipalSID":"S-1-5-21-2150156250-123474374-2579897581-519","PrincipalType":"Group","RightName":"GenericAll","AceType":"","IsInherited":true},{"PrincipalSID":"DC.LOCAL-S-1-5-32-544","PrincipalType":"Group","RightName":"WriteDacl","AceType":"","IsInherited":true},{"PrincipalSID":"DC.LOCAL-S-1-5-32-544","PrincipalType":"Group","RightName":"WriteOwner","AceType":"","IsInherited":true}]},{"Properties":{"highvalue":false,"name":"GROUPS@DC.LOCAL","domain":"DC.LOCAL","objectid":"A11B3EE0-8C32-42F5-88F7-A2BAE02E18E4","distinguishedname":"OU=Groups,DC=DC,DC=local","description":null,"blocksinheritance":false},"Links":[],"ACLProtected":false,"Users":[],"Computers":[],"ChildOus":[],"RemoteDesktopUsers":[],"LocalAdmins":[],"DcomUsers":[],"PSRemoteUsers":[],"ObjectIdentifier":"A11B3EE0-8C32-42F5-88F7-A2BAE02E18E4","Aces":[{"PrincipalSID":"S-1-5-21-2150156250-123474374-2579897581-512","PrincipalType":"Group","RightName":"Owner","AceType":"","IsInherited":false},{"PrincipalSID":"S-1-5-21-2150156250-123474374-2579897581-512","PrincipalType":"Group","RightName":"GenericAll","AceType":"","IsInherited":false},{"PrincipalSID":"S-1-5-21-2150156250-123474374-2579897581-519","PrincipalType":"Group","RightName":"GenericAll","AceType":"","IsInherited":true},{"PrincipalSID":"DC.LOCAL-S-1-5-32-544","PrincipalType":"Group","RightName":"WriteDacl","AceType":"","IsInherited":true},{"PrincipalSID":"DC.LOCAL-S-1-5-32-544","PrincipalType":"Group","RightName":"WriteOwner","AceType":"","IsInherited":true}]}],"meta":{"count":2,"type":"ous","version":3}}