﻿{"users":[{"Properties":{"highvalue":false,"name":"ADMINISTRATOR@DC.LOCAL","domain":"DC.LOCAL","objectid":"S-1-5-21-2150156250-123474374-2579897581-500","distinguishedname":"CN=Administrator,CN=Users,DC=DC,DC=local","description":"Built-in account for administering the computer/domain","dontreqpreauth":false,"passwordnotreqd":false,"unconstraineddelegation":false,"sensitive":false,"enabled":true,"pwdneverexpires":true,"lastlogon":1602418361,"lastlogontimestamp":1602405326,"pwdlastset":1601409674,"serviceprincipalnames":[],"hasspn":false,"displayname":null,"email":null,"title":null,"homedirectory":null,"userpassword":null,"admincount":true,"sidhistory":[]},"AllowedToDelegate":[],"SPNTargets":[],"PrimaryGroupSid":"S-1-5-21-2150156250-123474374-2579897581-513","HasSIDHistory":[],"ObjectIdentifier":"S-1-5-21-2150156250-123474374-2579897581-500","Aces":[{"PrincipalSID":"S-1-5-21-2150156250-123474374-2579897581-512","PrincipalType":"Group","RightName":"Owner","AceType":"","IsInherited":false},{"PrincipalSID":"DC.LOCAL-S-1-5-32-544","PrincipalType":"Group","RightName":"WriteDacl","AceType":"","IsInherited":false},{"PrincipalSID":"DC.LOCAL-S-1-5-32-544","PrincipalType":"Group","RightName":"WriteOwner","AceType":"","IsInherited":false},{"PrincipalSID":"DC.LOCAL-S-1-5-32-544","PrincipalType":"Group","RightName":"ExtendedRight","AceType":"All","IsInherited":false},{"PrincipalSID":"DC.LOCAL-S-1-5-32-544","PrincipalType":"Group","RightName":"GenericWrite","AceType":"","IsInherited":false},{"PrincipalSID":"S-1-5-21-2150156250-123474374-2579897581-512","PrincipalType":"Group","RightName":"WriteDacl","AceType":"","IsInherited":false},{"PrincipalSID":"S-1-5-21-2150156250-123474374-2579897581-512","PrincipalType":"Group","RightName":"WriteOwner","AceType":"","IsInherited":false},{"PrincipalSID":"S-1-5-21-2150156250-123474374-2579897581-512","PrincipalType":"Group","RightName":"ExtendedRight","AceType":"All","IsInherited":false},{"PrincipalSID":"S-1-5-21-2150156250-123474374-2579897581-512","PrincipalType":"Group","RightName":"GenericWrite","AceType":"","IsInherited":false},{"PrincipalSID":"S-1-5-21-2150156250-123474374-2579897581-519","PrincipalType":"Group","RightName":"WriteDacl","AceType":"","IsInherited":false},{"PrincipalSID":"S-1-5-21-2150156250-123474374-2579897581-519","PrincipalType":"Group","RightName":"WriteOwner","AceType":"","IsInherited":false},{"PrincipalSID":"S-1-5-21-2150156250-123474374-2579897581-519","PrincipalType":"Group","RightName":"ExtendedRight","AceType":"All","IsInherited":false},{"PrincipalSID":"S-1-5-21-2150156250-123474374-2579897581-519","PrincipalType":"Group","RightName":"GenericWrite","AceType":"","IsInherited":false}]},{"Properties":{"highvalue":false,"name":"KRBTGT@DC.LOCAL","domain":"DC.LOCAL","objectid":"S-1-5-21-2150156250-123474374-2579897581-502","distinguishedname":"CN=krbtgt,CN=Users,DC=DC,DC=local","description":"Key Distribution Center Service Account","dontreqpreauth":false,"passwordnotreqd":false,"unconstraineddelegation":false,"sensitive":false,"enabled":false,"pwdneverexpires":false,"lastlogon":-1,"lastlogontimestamp":-1,"pwdlastset":1601488886,"serviceprincipalnames":["kadmin/changepw"],"hasspn":true,"displayname":null,"email":null,"title":null,"homedirectory":null,"userpassword":null,"admincount":true,"sidhistory":[]},"AllowedToDelegate":[],"SPNTargets":[],"PrimaryGroupSid":"S-1-5-21-2150156250-123474374-2579897581-513","HasSIDHistory":[],"ObjectIdentifier":"S-1-5-21-2150156250-123474374-2579897581-502","Aces":[{"PrincipalSID":"S-1-5-21-2150156250-123474374-2579897581-512","PrincipalType":"Group","RightName":"Owner","AceType":"","IsInherited":false},{"PrincipalSID":"DC.LOCAL-S-1-5-32-544","PrincipalType":"Group","RightName":"WriteDacl","AceType":"","IsInherited":false},{"PrincipalSID":"DC.LOCAL-S-1-5-32-544","PrincipalType":"Group","RightName":"WriteOwner","AceType":"","IsInherited":false},{"PrincipalSID":"DC.LOCAL-S-1-5-32-544","PrincipalType":"Group","RightName":"ExtendedRight","AceType":"All","IsInherited":false},{"PrincipalSID":"DC.LOCAL-S-1-5-32-544","PrincipalType":"Group","RightName":"GenericWrite","AceType":"","IsInherited":false},{"PrincipalSID":"S-1-5-21-2150156250-123474374-2579897581-512","PrincipalType":"Group","RightName":"WriteDacl","AceType":"","IsInherited":false},{"PrincipalSID":"S-1-5-21-2150156250-123474374-2579897581-512","PrincipalType":"Group","RightName":"WriteOwner","AceType":"","IsInherited":false},{"PrincipalSID":"S-1-5-21-2150156250-123474374-2579897581-512","PrincipalType":"Group","RightName":"ExtendedRight","AceType":"All","IsInherited":false},{"PrincipalSID":"S-1-5-21-2150156250-123474374-2579897581-512","PrincipalType":"Group","RightName":"GenericWrite","AceType":"","IsInherited":false},{"PrincipalSID":"S-1-5-21-2150156250-123474374-2579897581-519","PrincipalType":"Group","RightName":"WriteDacl","AceType":"","IsInherited":false},{"PrincipalSID":"S-1-5-21-2150156250-123474374-2579897581-519","PrincipalType":"Group","RightName":"WriteOwner","AceType":"","IsInherited":false},{"PrincipalSID":"S-1-5-21-2150156250-123474374-2579897581-519","PrincipalType":"Group","RightName":"ExtendedRight","AceType":"All","IsInherited":false},{"PrincipalSID":"S-1-5-21-2150156250-123474374-2579897581-519","PrincipalType":"Group","RightName":"GenericWrite","AceType":"","IsInherited":false}]},{"Properties":{"highvalue":false,"name":"CKENT@DC.LOCAL","domain":"DC.LOCAL","objectid":"S-1-5-21-2150156250-123474374-2579897581-1103","distinguishedname":"CN=Clark Kent,CN=Users,DC=DC,DC=local","description":null,"dontreqpreauth":false,"passwordnotreqd":false,"unconstraineddelegation":false,"sensitive":false,"enabled":true,"pwdneverexpires":true,"lastlogon":1602411126,"lastlogontimestamp":1601649437,"pwdlastset":1601562664,"serviceprincipalnames":[],"hasspn":false,"displayname":"Clark Kent","email":null,"title":null,"homedirectory":null,"userpassword":null,"admincount":false,"sidhistory":[]},"AllowedToDelegate":[],"SPNTargets":[],"PrimaryGroupSid":"S-1-5-21-2150156250-123474374-2579897581-513","HasSIDHistory":[],"ObjectIdentifier":"S-1-5-21-2150156250-123474374-2579897581-1103","Aces":[{"PrincipalSID":"S-1-5-21-2150156250-123474374-2579897581-512","PrincipalType":"Group","RightName":"Owner","AceType":"","IsInherited":false},{"PrincipalSID":"DC.LOCAL-S-1-5-32-548","PrincipalType":"Group","RightName":"GenericAll","AceType":"","IsInherited":false},{"PrincipalSID":"S-1-5-21-2150156250-123474374-2579897581-512","PrincipalType":"Group","RightName":"GenericAll","AceType":"","IsInherited":false},{"PrincipalSID":"S-1-5-21-2150156250-123474374-2579897581-519","PrincipalType":"Group","RightName":"GenericAll","AceType":"","IsInherited":true},{"PrincipalSID":"DC.LOCAL-S-1-5-32-544","PrincipalType":"Group","RightName":"WriteDacl","AceType":"","IsInherited":true},{"PrincipalSID":"DC.LOCAL-S-1-5-32-544","PrincipalType":"Group","RightName":"WriteOwner","AceType":"","IsInherited":true},{"PrincipalSID":"DC.LOCAL-S-1-5-32-544","PrincipalType":"Group","RightName":"ExtendedRight","AceType":"All","IsInherited":true},{"PrincipalSID":"DC.LOCAL-S-1-5-32-544","PrincipalType":"Group","RightName":"GenericWrite","AceType":"","IsInherited":true}]},{"Properties":{"highvalue":false,"name":"SQLSERVICE@DC.LOCAL","domain":"DC.LOCAL","objectid":"S-1-5-21-2150156250-123474374-2579897581-1108","distinguishedname":"CN=SQL Service,CN=Users,DC=DC,DC=local","description":"Password is Welcome@1","dontreqpreauth":false,"passwordnotreqd":false,"unconstraineddelegation":false,"sensitive":false,"enabled":true,"pwdneverexpires":true,"lastlogon":-1,"lastlogontimestamp":-1,"pwdlastset":1602418470,"serviceprincipalnames":["LEX-DC/SQLService.DC.local:60111"],"hasspn":true,"displayname":"SQL Service","email":null,"title":null,"homedirectory":null,"userpassword":null,"admincount":true,"sidhistory":[]},"AllowedToDelegate":[],"SPNTargets":[],"PrimaryGroupSid":"S-1-5-21-2150156250-123474374-2579897581-513","HasSIDHistory":[],"ObjectIdentifier":"S-1-5-21-2150156250-123474374-2579897581-1108","Aces":[{"PrincipalSID":"S-1-5-21-2150156250-123474374-2579897581-512","PrincipalType":"Group","RightName":"Owner","AceType":"","IsInherited":false},{"PrincipalSID":"DC.LOCAL-S-1-5-32-544","PrincipalType":"Group","RightName":"WriteDacl","AceType":"","IsInherited":false},{"PrincipalSID":"DC.LOCAL-S-1-5-32-544","PrincipalType":"Group","RightName":"WriteOwner","AceType":"","IsInherited":false},{"PrincipalSID":"DC.LOCAL-S-1-5-32-544","PrincipalType":"Group","RightName":"ExtendedRight","AceType":"All","IsInherited":false},{"PrincipalSID":"DC.LOCAL-S-1-5-32-544","PrincipalType":"Group","RightName":"GenericWrite","AceType":"","IsInherited":false},{"PrincipalSID":"S-1-5-21-2150156250-123474374-2579897581-512","PrincipalType":"Group","RightName":"WriteDacl","AceType":"","IsInherited":false},{"PrincipalSID":"S-1-5-21-2150156250-123474374-2579897581-512","PrincipalType":"Group","RightName":"WriteOwner","AceType":"","IsInherited":false},{"PrincipalSID":"S-1-5-21-2150156250-123474374-2579897581-512","PrincipalType":"Group","RightName":"ExtendedRight","AceType":"All","IsInherited":false},{"PrincipalSID":"S-1-5-21-2150156250-123474374-2579897581-512","PrincipalType":"Group","RightName":"GenericWrite","AceType":"","IsInherited":false},{"PrincipalSID":"S-1-5-21-2150156250-123474374-2579897581-519","PrincipalType":"Group","RightName":"WriteDacl","AceType":"","IsInherited":false},{"PrincipalSID":"S-1-5-21-2150156250-123474374-2579897581-519","PrincipalType":"Group","RightName":"WriteOwner","AceType":"","IsInherited":false},{"PrincipalSID":"S-1-5-21-2150156250-123474374-2579897581-519","PrincipalType":"Group","RightName":"ExtendedRight","AceType":"All","IsInherited":false},{"PrincipalSID":"S-1-5-21-2150156250-123474374-2579897581-519","PrincipalType":"Group","RightName":"GenericWrite","AceType":"","IsInherited":false}]},{"Properties":{"highvalue":false,"name":"BWAYNE@DC.LOCAL","domain":"DC.LOCAL","objectid":"S-1-5-21-2150156250-123474374-2579897581-1110","distinguishedname":"CN=Bruce Wayne,CN=Users,DC=DC,DC=local","description":null,"dontreqpreauth":false,"passwordnotreqd":false,"unconstraineddelegation":false,"sensitive":false,"enabled":true,"pwdneverexpires":true,"lastlogon":-1,"lastlogontimestamp":-1,"pwdlastset":1601624871,"serviceprincipalnames":[],"hasspn":false,"displayname":"Bruce Wayne","email":null,"title":null,"homedirectory":null,"userpassword":null,"admincount":true,"sidhistory":[]},"AllowedToDelegate":[],"SPNTargets":[],"PrimaryGroupSid":"S-1-5-21-2150156250-123474374-2579897581-513","HasSIDHistory":[],"ObjectIdentifier":"S-1-5-21-2150156250-123474374-2579897581-1110","Aces":[{"PrincipalSID":"S-1-5-21-2150156250-123474374-2579897581-512","PrincipalType":"Group","RightName":"Owner","AceType":"","IsInherited":false},{"PrincipalSID":"DC.LOCAL-S-1-5-32-544","PrincipalType":"Group","RightName":"WriteDacl","AceType":"","IsInherited":false},{"PrincipalSID":"DC.LOCAL-S-1-5-32-544","PrincipalType":"Group","RightName":"WriteOwner","AceType":"","IsInherited":false},{"PrincipalSID":"DC.LOCAL-S-1-5-32-544","PrincipalType":"Group","RightName":"ExtendedRight","AceType":"All","IsInherited":false},{"PrincipalSID":"DC.LOCAL-S-1-5-32-544","PrincipalType":"Group","RightName":"GenericWrite","AceType":"","IsInherited":false},{"PrincipalSID":"S-1-5-21-2150156250-123474374-2579897581-512","PrincipalType":"Group","RightName":"WriteDacl","AceType":"","IsInherited":false},{"PrincipalSID":"S-1-5-21-2150156250-123474374-2579897581-512","PrincipalType":"Group","RightName":"WriteOwner","AceType":"","IsInherited":false},{"PrincipalSID":"S-1-5-21-2150156250-123474374-2579897581-512","PrincipalType":"Group","RightName":"ExtendedRight","AceType":"All","IsInherited":false},{"PrincipalSID":"S-1-5-21-2150156250-123474374-2579897581-512","PrincipalType":"Group","RightName":"GenericWrite","AceType":"","IsInherited":false},{"PrincipalSID":"S-1-5-21-2150156250-123474374-2579897581-519","PrincipalType":"Group","RightName":"WriteDacl","AceType":"","IsInherited":false},{"PrincipalSID":"S-1-5-21-2150156250-123474374-2579897581-519","PrincipalType":"Group","RightName":"WriteOwner","AceType":"","IsInherited":false},{"PrincipalSID":"S-1-5-21-2150156250-123474374-2579897581-519","PrincipalType":"Group","RightName":"ExtendedRight","AceType":"All","IsInherited":false},{"PrincipalSID":"S-1-5-21-2150156250-123474374-2579897581-519","PrincipalType":"Group","RightName":"GenericWrite","AceType":"","IsInherited":false}]},{"Properties":{"highvalue":false,"name":"LLUTHOR@DC.LOCAL","domain":"DC.LOCAL","objectid":"S-1-5-21-2150156250-123474374-2579897581-1111","distinguishedname":"CN=Lex Luthor,CN=Users,DC=DC,DC=local","description":null,"dontreqpreauth":false,"passwordnotreqd":false,"unconstraineddelegation":false,"sensitive":false,"enabled":true,"pwdneverexpires":true,"lastlogon":1602404246,"lastlogontimestamp":1601629854,"pwdlastset":1601624902,"serviceprincipalnames":[],"hasspn":false,"displayname":"Lex Luthor","email":null,"title":null,"homedirectory":null,"userpassword":null,"admincount":false,"sidhistory":[]},"AllowedToDelegate":[],"SPNTargets":[],"PrimaryGroupSid":"S-1-5-21-2150156250-123474374-2579897581-513","HasSIDHistory":[],"ObjectIdentifier":"S-1-5-21-2150156250-123474374-2579897581-1111","Aces":[{"PrincipalSID":"S-1-5-21-2150156250-123474374-2579897581-512","PrincipalType":"Group","RightName":"Owner","AceType":"","IsInherited":false},{"PrincipalSID":"DC.LOCAL-S-1-5-32-548","PrincipalType":"Group","RightName":"GenericAll","AceType":"","IsInherited":false},{"PrincipalSID":"S-1-5-21-2150156250-123474374-2579897581-512","PrincipalType":"Group","RightName":"GenericAll","AceType":"","IsInherited":false},{"PrincipalSID":"S-1-5-21-2150156250-123474374-2579897581-519","PrincipalType":"Group","RightName":"GenericAll","AceType":"","IsInherited":true},{"PrincipalSID":"DC.LOCAL-S-1-5-32-544","PrincipalType":"Group","RightName":"WriteDacl","AceType":"","IsInherited":true},{"PrincipalSID":"DC.LOCAL-S-1-5-32-544","PrincipalType":"Group","RightName":"WriteOwner","AceType":"","IsInherited":true},{"PrincipalSID":"DC.LOCAL-S-1-5-32-544","PrincipalType":"Group","RightName":"ExtendedRight","AceType":"All","IsInherited":true},{"PrincipalSID":"DC.LOCAL-S-1-5-32-544","PrincipalType":"Group","RightName":"GenericWrite","AceType":"","IsInherited":true}]},{"Properties":{"highvalue":false,"name":"GUEST@DC.LOCAL","domain":"DC.LOCAL","objectid":"S-1-5-21-2150156250-123474374-2579897581-501","distinguishedname":"CN=Guest,CN=Users,DC=DC,DC=local","description":"Built-in account for guest access to the computer/domain","dontreqpreauth":false,"passwordnotreqd":true,"unconstraineddelegation":false,"sensitive":false,"enabled":false,"pwdneverexpires":true,"lastlogon":-1,"lastlogontimestamp":-1,"pwdlastset":-1,"serviceprincipalnames":[],"hasspn":false,"displayname":null,"email":null,"title":null,"homedirectory":null,"userpassword":null,"admincount":false,"sidhistory":[]},"AllowedToDelegate":[],"SPNTargets":[],"PrimaryGroupSid":"S-1-5-21-2150156250-123474374-2579897581-514","HasSIDHistory":[],"ObjectIdentifier":"S-1-5-21-2150156250-123474374-2579897581-501","Aces":[{"PrincipalSID":"DC.LOCAL-S-1-5-32-544","PrincipalType":"Group","RightName":"Owner","AceType":"","IsInherited":false},{"PrincipalSID":"DC.LOCAL-S-1-5-32-548","PrincipalType":"Group","RightName":"GenericAll","AceType":"","IsInherited":false},{"PrincipalSID":"S-1-5-21-2150156250-123474374-2579897581-512","PrincipalType":"Group","RightName":"GenericAll","AceType":"","IsInherited":false},{"PrincipalSID":"S-1-5-21-2150156250-123474374-2579897581-519","PrincipalType":"Group","RightName":"GenericAll","AceType":"","IsInherited":true},{"PrincipalSID":"DC.LOCAL-S-1-5-32-544","PrincipalType":"Group","RightName":"WriteDacl","AceType":"","IsInherited":true},{"PrincipalSID":"DC.LOCAL-S-1-5-32-544","PrincipalType":"Group","RightName":"WriteOwner","AceType":"","IsInherited":true},{"PrincipalSID":"DC.LOCAL-S-1-5-32-544","PrincipalType":"Group","RightName":"ExtendedRight","AceType":"All","IsInherited":true},{"PrincipalSID":"DC.LOCAL-S-1-5-32-544","PrincipalType":"Group","RightName":"GenericWrite","AceType":"","IsInherited":true}]}],"meta":{"count":7,"type":"users","version":3}}