﻿{"gpos":[{"Properties":{"highvalue":false,"name":"DEFAULT DOMAIN POLICY@DC.LOCAL","domain":"DC.LOCAL","objectid":"ED3246E7-4AA5-4C4F-B107-8F42F98D85A5","distinguishedname":"CN={31B2F340-016D-11D2-945F-00C04FB984F9},CN=Policies,CN=System,DC=DC,DC=local","description":null,"gpcpath":"\\\\DC.local\\sysvol\\DC.local\\Policies\\{31B2F340-016D-11D2-945F-00C04FB984F9}"},"ObjectIdentifier":"ED3246E7-4AA5-4C4F-B107-8F42F98D85A5","Aces":[{"PrincipalSID":"S-1-5-21-2150156250-123474374-2579897581-512","PrincipalType":"Group","RightName":"Owner","AceType":"","IsInherited":false},{"PrincipalSID":"S-1-5-21-2150156250-123474374-2579897581-512","PrincipalType":"Group","RightName":"WriteDacl","AceType":"","IsInherited":false},{"PrincipalSID":"S-1-5-21-2150156250-123474374-2579897581-512","PrincipalType":"Group","RightName":"WriteOwner","AceType":"","IsInherited":false},{"PrincipalSID":"S-1-5-21-2150156250-123474374-2579897581-512","PrincipalType":"Group","RightName":"GenericWrite","AceType":"","IsInherited":false},{"PrincipalSID":"S-1-5-21-2150156250-123474374-2579897581-512","PrincipalType":"Group","RightName":"WriteDacl","AceType":"","IsInherited":false},{"PrincipalSID":"S-1-5-21-2150156250-123474374-2579897581-512","PrincipalType":"Group","RightName":"WriteOwner","AceType":"","IsInherited":false},{"PrincipalSID":"S-1-5-21-2150156250-123474374-2579897581-512","PrincipalType":"Group","RightName":"GenericWrite","AceType":"","IsInherited":false},{"PrincipalSID":"S-1-5-21-2150156250-123474374-2579897581-519","PrincipalType":"Group","RightName":"WriteDacl","AceType":"","IsInherited":false},{"PrincipalSID":"S-1-5-21-2150156250-123474374-2579897581-519","PrincipalType":"Group","RightName":"WriteOwner","AceType":"","IsInherited":false},{"PrincipalSID":"S-1-5-21-2150156250-123474374-2579897581-519","PrincipalType":"Group","RightName":"GenericWrite","AceType":"","IsInherited":false}]},{"Properties":{"highvalue":false,"name":"DEFAULT DOMAIN CONTROLLERS POLICY@DC.LOCAL","domain":"DC.LOCAL","objectid":"B473AE11-C52D-473B-B4CF-99EB86DF3731","distinguishedname":"CN={6AC1786C-016F-11D2-945F-00C04fB984F9},CN=Policies,CN=System,DC=DC,DC=local","description":null,"gpcpath":"\\\\DC.local\\sysvol\\DC.local\\Policies\\{6AC1786C-016F-11D2-945F-00C04fB984F9}"},"ObjectIdentifier":"B473AE11-C52D-473B-B4CF-99EB86DF3731","Aces":[{"PrincipalSID":"S-1-5-21-2150156250-123474374-2579897581-512","PrincipalType":"Group","RightName":"Owner","AceType":"","IsInherited":false},{"PrincipalSID":"S-1-5-21-2150156250-123474374-2579897581-512","PrincipalType":"Group","RightName":"WriteDacl","AceType":"","IsInherited":false},{"PrincipalSID":"S-1-5-21-2150156250-123474374-2579897581-512","PrincipalType":"Group","RightName":"WriteOwner","AceType":"","IsInherited":false},{"PrincipalSID":"S-1-5-21-2150156250-123474374-2579897581-512","PrincipalType":"Group","RightName":"GenericWrite","AceType":"","IsInherited":false},{"PrincipalSID":"S-1-5-21-2150156250-123474374-2579897581-512","PrincipalType":"Group","RightName":"WriteDacl","AceType":"","IsInherited":false},{"PrincipalSID":"S-1-5-21-2150156250-123474374-2579897581-512","PrincipalType":"Group","RightName":"WriteOwner","AceType":"","IsInherited":false},{"PrincipalSID":"S-1-5-21-2150156250-123474374-2579897581-512","PrincipalType":"Group","RightName":"GenericWrite","AceType":"","IsInherited":false},{"PrincipalSID":"S-1-5-21-2150156250-123474374-2579897581-519","PrincipalType":"Group","RightName":"WriteDacl","AceType":"","IsInherited":false},{"PrincipalSID":"S-1-5-21-2150156250-123474374-2579897581-519","PrincipalType":"Group","RightName":"WriteOwner","AceType":"","IsInherited":false},{"PrincipalSID":"S-1-5-21-2150156250-123474374-2579897581-519","PrincipalType":"Group","RightName":"GenericWrite","AceType":"","IsInherited":false}]},{"Properties":{"highvalue":false,"name":"DISABLE WINDOWS DEFENDER@DC.LOCAL","domain":"DC.LOCAL","objectid":"761B4F5A-83D0-4B18-8CD5-58B135728183","distinguishedname":"CN={5CCD7F85-EE58-4180-9DD0-7D75F310E6BE},CN=Policies,CN=System,DC=DC,DC=local","description":null,"gpcpath":"\\\\DC.local\\SysVol\\DC.local\\Policies\\{5CCD7F85-EE58-4180-9DD0-7D75F310E6BE}"},"ObjectIdentifier":"761B4F5A-83D0-4B18-8CD5-58B135728183","Aces":[{"PrincipalSID":"S-1-5-21-2150156250-123474374-2579897581-512","PrincipalType":"Group","RightName":"Owner","AceType":"","IsInherited":false},{"PrincipalSID":"S-1-5-21-2150156250-123474374-2579897581-512","PrincipalType":"Group","RightName":"WriteDacl","AceType":"","IsInherited":false},{"PrincipalSID":"S-1-5-21-2150156250-123474374-2579897581-512","PrincipalType":"Group","RightName":"WriteOwner","AceType":"","IsInherited":false},{"PrincipalSID":"S-1-5-21-2150156250-123474374-2579897581-512","PrincipalType":"Group","RightName":"GenericWrite","AceType":"","IsInherited":false},{"PrincipalSID":"S-1-5-21-2150156250-123474374-2579897581-519","PrincipalType":"Group","RightName":"WriteDacl","AceType":"","IsInherited":false},{"PrincipalSID":"S-1-5-21-2150156250-123474374-2579897581-519","PrincipalType":"Group","RightName":"WriteOwner","AceType":"","IsInherited":false},{"PrincipalSID":"S-1-5-21-2150156250-123474374-2579897581-519","PrincipalType":"Group","RightName":"GenericWrite","AceType":"","IsInherited":false}]}],"meta":{"count":3,"type":"gpos","version":3}}