﻿{"computers":[{"Properties":{"haslaps":false,"highvalue":false,"name":"LEX-DC.DC.LOCAL","domain":"DC.LOCAL","objectid":"S-1-5-21-2150156250-123474374-2579897581-1000","distinguishedname":"CN=LEX-DC,OU=Domain Controllers,DC=DC,DC=local","description":null,"enabled":true,"unconstraineddelegation":true,"serviceprincipalnames":["Dfsr-12F9A27C-BF97-4787-9364-D31B6C55EB04/LEX-DC.DC.local","ldap/LEX-DC.DC.local/ForestDnsZones.DC.local","ldap/LEX-DC.DC.local/DomainDnsZones.DC.local","DNS/LEX-DC.DC.local","GC/LEX-DC.DC.local/DC.local","RestrictedKrbHost/LEX-DC.DC.local","RestrictedKrbHost/LEX-DC","RPC/b8fef4c9-b445-4974-8ad1-00b854479a86._msdcs.DC.local","HOST/LEX-DC/DC","HOST/LEX-DC.DC.local/DC","HOST/LEX-DC","HOST/LEX-DC.DC.local","HOST/LEX-DC.DC.local/DC.local","E3514235-4B06-11D1-AB04-00C04FC2DCD2/b8fef4c9-b445-4974-8ad1-00b854479a86/DC.local","ldap/LEX-DC/DC","ldap/b8fef4c9-b445-4974-8ad1-00b854479a86._msdcs.DC.local","ldap/LEX-DC.DC.local/DC","ldap/LEX-DC","ldap/LEX-DC.DC.local","ldap/LEX-DC.DC.local/DC.local"],"lastlogontimestamp":1602404251,"pwdlastset":1601488903,"operatingsystem":"Windows Server 2019 Standard Evaluation"},"AllowedToDelegate":[],"AllowedToAct":[],"PrimaryGroupSid":"S-1-5-21-2150156250-123474374-2579897581-516","Sessions":[{"UserId":"S-1-5-21-2150156250-123474374-2579897581-500","ComputerId":"S-1-5-21-2150156250-123474374-2579897581-1000"}],"LocalAdmins":[{"MemberId":"S-1-5-21-2150156250-123474374-2579897581-500","MemberType":"User"},{"MemberId":"S-1-5-21-2150156250-123474374-2579897581-519","MemberType":"Group"},{"MemberId":"S-1-5-21-2150156250-123474374-2579897581-512","MemberType":"Group"},{"MemberId":"S-1-5-21-2150156250-123474374-2579897581-1108","MemberType":"User"},{"MemberId":"S-1-5-21-2150156250-123474374-2579897581-1110","MemberType":"User"}],"RemoteDesktopUsers":[],"DcomUsers":[],"PSRemoteUsers":[],"ObjectIdentifier":"S-1-5-21-2150156250-123474374-2579897581-1000","Aces":[{"PrincipalSID":"S-1-5-21-2150156250-123474374-2579897581-512","PrincipalType":"Group","RightName":"Owner","AceType":"","IsInherited":false},{"PrincipalSID":"S-1-5-21-2150156250-123474374-2579897581-512","PrincipalType":"Group","RightName":"GenericAll","AceType":"","IsInherited":false},{"PrincipalSID":"S-1-5-21-2150156250-123474374-2579897581-519","PrincipalType":"Group","RightName":"GenericAll","AceType":"","IsInherited":true},{"PrincipalSID":"DC.LOCAL-S-1-5-32-544","PrincipalType":"Group","RightName":"WriteDacl","AceType":"","IsInherited":true},{"PrincipalSID":"DC.LOCAL-S-1-5-32-544","PrincipalType":"Group","RightName":"WriteOwner","AceType":"","IsInherited":true},{"PrincipalSID":"DC.LOCAL-S-1-5-32-544","PrincipalType":"Group","RightName":"GenericWrite","AceType":"","IsInherited":true}]},{"Properties":{"haslaps":false,"highvalue":false,"name":"LUTHOR.DC.LOCAL","domain":"DC.LOCAL","objectid":"S-1-5-21-2150156250-123474374-2579897581-1112","distinguishedname":"CN=LUTHOR,CN=Computers,DC=DC,DC=local","description":null,"enabled":true,"unconstraineddelegation":false,"serviceprincipalnames":["RestrictedKrbHost/LUTHOR","HOST/LUTHOR","RestrictedKrbHost/LUTHOR.DC.local","HOST/LUTHOR.DC.local"],"lastlogontimestamp":1601629858,"pwdlastset":1601629855,"operatingsystem":"Windows 10 Enterprise Evaluation"},"AllowedToDelegate":[],"AllowedToAct":[],"PrimaryGroupSid":"S-1-5-21-2150156250-123474374-2579897581-515","Sessions":[],"LocalAdmins":[],"RemoteDesktopUsers":[],"DcomUsers":[],"PSRemoteUsers":[],"ObjectIdentifier":"S-1-5-21-2150156250-123474374-2579897581-1112","Aces":[{"PrincipalSID":"S-1-5-21-2150156250-123474374-2579897581-512","PrincipalType":"Group","RightName":"Owner","AceType":"","IsInherited":false},{"PrincipalSID":"DC.LOCAL-S-1-5-32-548","PrincipalType":"Group","RightName":"GenericAll","AceType":"","IsInherited":false},{"PrincipalSID":"S-1-5-21-2150156250-123474374-2579897581-512","PrincipalType":"Group","RightName":"GenericAll","AceType":"","IsInherited":false},{"PrincipalSID":"S-1-5-21-2150156250-123474374-2579897581-519","PrincipalType":"Group","RightName":"GenericAll","AceType":"","IsInherited":true},{"PrincipalSID":"DC.LOCAL-S-1-5-32-544","PrincipalType":"Group","RightName":"WriteDacl","AceType":"","IsInherited":true},{"PrincipalSID":"DC.LOCAL-S-1-5-32-544","PrincipalType":"Group","RightName":"WriteOwner","AceType":"","IsInherited":true},{"PrincipalSID":"DC.LOCAL-S-1-5-32-544","PrincipalType":"Group","RightName":"GenericWrite","AceType":"","IsInherited":true}]},{"Properties":{"haslaps":false,"highvalue":false,"name":"SUPERMAN.DC.LOCAL","domain":"DC.LOCAL","objectid":"S-1-5-21-2150156250-123474374-2579897581-1109","distinguishedname":"CN=SUPERMAN,CN=Computers,DC=DC,DC=local","description":null,"enabled":true,"unconstraineddelegation":false,"serviceprincipalnames":["RestrictedKrbHost/SUPERMAN","HOST/SUPERMAN","RestrictedKrbHost/SUPERMAN.DC.local","HOST/SUPERMAN.DC.local"],"lastlogontimestamp":1601577992,"pwdlastset":1601577991,"operatingsystem":"Windows 10 Enterprise Evaluation"},"AllowedToDelegate":[],"AllowedToAct":[],"PrimaryGroupSid":"S-1-5-21-2150156250-123474374-2579897581-515","Sessions":[{"UserId":"S-1-5-21-2150156250-123474374-2579897581-1103","ComputerId":"192.168.0.112"},{"UserId":"S-1-5-21-2150156250-123474374-2579897581-1103","ComputerId":"S-1-5-21-2150156250-123474374-2579897581-1109"}],"LocalAdmins":[{"MemberId":"S-1-5-21-2150156250-123474374-2579897581-512","MemberType":"Group"},{"MemberId":"S-1-5-21-2150156250-123474374-2579897581-1103","MemberType":"User"}],"RemoteDesktopUsers":[],"DcomUsers":[],"PSRemoteUsers":[],"ObjectIdentifier":"S-1-5-21-2150156250-123474374-2579897581-1109","Aces":[{"PrincipalSID":"S-1-5-21-2150156250-123474374-2579897581-512","PrincipalType":"Group","RightName":"Owner","AceType":"","IsInherited":false},{"PrincipalSID":"DC.LOCAL-S-1-5-32-548","PrincipalType":"Group","RightName":"GenericAll","AceType":"","IsInherited":false},{"PrincipalSID":"S-1-5-21-2150156250-123474374-2579897581-512","PrincipalType":"Group","RightName":"GenericAll","AceType":"","IsInherited":false},{"PrincipalSID":"S-1-5-21-2150156250-123474374-2579897581-519","PrincipalType":"Group","RightName":"GenericAll","AceType":"","IsInherited":true},{"PrincipalSID":"DC.LOCAL-S-1-5-32-544","PrincipalType":"Group","RightName":"WriteDacl","AceType":"","IsInherited":true},{"PrincipalSID":"DC.LOCAL-S-1-5-32-544","PrincipalType":"Group","RightName":"WriteOwner","AceType":"","IsInherited":true},{"PrincipalSID":"DC.LOCAL-S-1-5-32-544","PrincipalType":"Group","RightName":"GenericWrite","AceType":"","IsInherited":true}]}],"meta":{"count":3,"type":"computers","version":3}}